
INSERT INTO Product (UUID,P_name,Price,Discount,Amount,Cover,Product_type_code)
VALUES ('000150','Tâm lý học mối quan hệ',71000,0.1,100,'https://salt.tikicdn.com/cache/w1200/ts/Product/0a/15/ea/4e181a1dcfd2d16840c1fe242b914ba1.png','sach_tam_ly');
INSERT INTO Product (UUID,P_name,Price,Discount,Amount,Cover,Product_type_code)
VALUES ('000151','Ám Ảnh Sợ Xã Hội - Chạy Trốn Hay Đối Mặt',89900,0.1,200,'70d281ef74f6976194bdce448bbabeb1.jpg (1200×1730) (tikicdn.com)','sach_ky_nang');
INSERT INTO Product (UUID,P_name,Price,Discount,Amount,Cover,Product_type_code)
VALUES ('000152','Ổn Định Hay Tự Do',94100,0.1,300,'f029ab00ae124fca88412f5cc0e36700.jpg (1200×1200) (tikicdn.com)','sach_ky_nang');
INSERT INTO Product (UUID,P_name,Price,Discount,Amount,Cover,Product_type_code)
VALUES ('000153','Tâm Lý Học Hành Vi',73400,0.1,400,'a9f929f98397d1be047e47602989a5e0.jpg (1200×1200) (tikicdn.com)','sach_ky_nang');
INSERT INTO Product (UUID,P_name,Price,Discount,Amount,Cover,Product_type_code)
VALUES ('000154','Đừng Cố Làm Người Tốt Trong Mắt Tất Cả Mọi Người',93000,0.1,500,'f9f68445f5c917152d6be847953facd5.jpg (1200×1200) (tikicdn.com)','sach_ky_nang');
INSERT INTO Product (UUID,P_name,Price,Discount,Amount,Cover,Product_type_code)
VALUES ('000155','Rèn Luyện Tư Duy Phản Biện',59000,0.1,600,'524a27dcd45e8a13ae6eecb3dfacba7c.jpg (1200×1200) (tikicdn.com)','sach_ky_nang');
INSERT INTO Product (UUID,P_name,Price,Discount,Amount,Cover,Product_type_code)
VALUES ('000156','Tuổi Trẻ Đáng Giá Bao Nhiêu',61200,0.1,700,'5fbf2a6f9d07b76d98e2fff2b29b0d3c.jpg (1200×1200) (tikicdn.com)','sach_ky_nang');
INSERT INTO Product (UUID,P_name,Price,Discount,Amount,Cover,Product_type_code)
VALUES ('000157','Đừng Lựa Chọn An Nhàn Khi Còn Trẻ',68000,0.1,800,'8db57c8fd3685e41109da91542dae1d5.jpg.webp (750×750) (tikicdn.com)','sach_ky_nang');
INSERT INTO Product (UUID,P_name,Price,Discount,Amount,Cover,Product_type_code)
VALUES ('000158','Trời Sinh Vụng Về, Hãy Bù Đắp Bằng Sự Kiên Trì',92400,0.1,900,'d90504644a26715758f68aa20eebbde5.jpg.webp (750×750) (tikicdn.com)','sach_ky_nang');
INSERT INTO Product (UUID,P_name,Price,Discount,Amount,Cover,Product_type_code)
VALUES ('000159','Tôi Không Thích Ồn Ào',57000,0.1,1000,'28b2b8e945464020bef3ebc4ef96332a.jpg.webp (750×750) (tikicdn.com)','sach_ky_nang');
INSERT INTO Product (UUID,P_name,Price,Discount,Amount,Cover,Product_type_code)
VALUES ('000160','100+ Bài Tập Kích Thích Não Bộ Hiệu Quả 40 Ngày Luyện Trí Nhớ',77400,0.1,1100,'df57f39662a1fbce05f4491d2dddb562.jpg.webp (750×750) (tikicdn.com)','sach_ky_nang');
INSERT INTO Product (UUID,P_name,Price,Discount,Amount,Cover,Product_type_code)
VALUES ('000161','Lựa chọn trong tỉnh thức tập 6 - Ranh giới giữa mê và ngộ',146000,0.1,1200,'ee2bbae4cfd64cd0cb59f1db276957e5.png.webp (750×750) (tikicdn.com)','sach_ky_nang');
INSERT INTO Product (UUID,P_name,Price,Discount,Amount,Cover,Product_type_code)
VALUES ('000162','Lịch Pháp Và Những Ngày Tốt Trong Năm 2021 - 2030',132000,0.1,1300,'a191fafca2a3faff76ee1de6637d62ce.jpg.webp (750×750) (tikicdn.com)','sach_ky_nang');
INSERT INTO Product (UUID,P_name,Price,Discount,Amount,Cover,Product_type_code)
VALUES ('000163','Dám Bị Ghét',71200,0.1,1400,'941af8f7b8fd8b43cf8931b551fa9d54.jpg.webp (750×750) (tikicdn.com)','sach_ky_nang');
INSERT INTO Product (UUID,P_name,Price,Discount,Amount,Cover,Product_type_code)
VALUES ('000164','Những Giấc Mơ Ở Hiệu Sách Morisaki',62000,0.2,200,'03c0c61cea0582a3845944a31dbbdc7f.jpg.webp (750×750) (tikicdn.com)','tieu_thuyet');
INSERT INTO Product (UUID,P_name,Price,Discount,Amount,Cover,Product_type_code)
VALUES ('000165','Tấm mạng hoa',164500,0.2,180,'d8a7b084d2bab9c563b6482f90516407.jpg.webp (750×750) (tikicdn.com)','tieu_thuyet');
INSERT INTO Product (UUID,P_name,Price,Discount,Amount,Cover,Product_type_code)
VALUES ('000166','Làm sao dừng lại thời gian',143000,0.2,160,'fab1bdde0318dec16055cd26ed10096a.jpg.webp (750×750) (tikicdn.com)','tieu_thuyet');
INSERT INTO Product (UUID,P_name,Price,Discount,Amount,Cover,Product_type_code)
VALUES ('000167','Bách hóa giấc mơ của ngài Dollargut',97600,0.2,140,'b519b25ad3ffda25420263f404a790f8.jpg.webp (750×750) (tikicdn.com)','tieu_thuyet');
INSERT INTO Product (UUID,P_name,Price,Discount,Amount,Cover,Product_type_code)
VALUES ('000168','Cô Gái Trong Trang Sách',114000,0.2,120,'5bfe08e21ef3b8f99110feb745e27da1.jpg.webp (750×750) (tikicdn.com)','tieu_thuyet');
INSERT INTO Product (UUID,P_name,Price,Discount,Amount,Cover,Product_type_code)
VALUES ('000169','Mặt Trời Trong Suối Lạnh',83000,0.2,100,'03db850b858cd137e0f3bab0284f624e.jpg.webp (750×750) (tikicdn.com)','tieu_thuyet');
INSERT INTO Product (UUID,P_name,Price,Discount,Amount,Cover,Product_type_code)
VALUES ('000170','Doraemon Truyện ngắn tập 1',18000,0.3,485,'7259bd245d88fbd97ddc686705eec385.jpg.webp (750×750) (tikicdn.com)','truyen_tranh');
INSERT INTO Product (UUID,P_name,Price,Discount,Amount,Cover,Product_type_code)
VALUES ('000171','Doraemon Truyện ngắn tập 2',18000,0.3,496,'doraemon-truyen-ngan-tap-2-k0cmp_6bb7427ce83c474480e111b85cf3128e_master.jpg (600×944) (hstatic.net)','truyen_tranh');
INSERT INTO Product (UUID,P_name,Price,Discount,Amount,Cover,Product_type_code)
VALUES ('000172','Doraemon Truyện ngắn tập 3',18000,0.3,507,'1ca8a60bc9e6d21cdecd337b1e53722c.jpg.webp (750×750) (tikicdn.com)','truyen_tranh');
INSERT INTO Product (UUID,P_name,Price,Discount,Amount,Cover,Product_type_code)
VALUES ('000173','Doraemon Truyện ngắn tập 4',18000,0.3,518,'c1787ee8cb8d80fd80493e27530e02aa.jpg.webp (750×750) (tikicdn.com)','truyen_tranh');
INSERT INTO Product (UUID,P_name,Price,Discount,Amount,Cover,Product_type_code)
VALUES ('000174','Doraemon Truyện ngắn tập 5',18000,0.3,529,'0584d8e0a0bae5c46ee37547ea7585a7.jpg.webp (750×750) (tikicdn.com)','truyen_tranh');
INSERT INTO Product (UUID,P_name,Price,Discount,Amount,Cover,Product_type_code)
VALUES ('000175','Doraemon Truyện ngắn tập 6',18000,0.3,540,'18af4eda1a2873585aefcb923445e696.jpg.webp (750×750) (tikicdn.com)','truyen_tranh');
INSERT INTO Product (UUID,P_name,Price,Discount,Amount,Cover,Product_type_code)
VALUES ('000176','Doraemon Truyện ngắn tập 7',18000,0.3,551,'b6163bd564482fa3632d0752154b99a6.jpg.webp (750×750) (tikicdn.com)','truyen_tranh');
INSERT INTO Product (UUID,P_name,Price,Discount,Amount,Cover,Product_type_code)
VALUES ('000177','Doraemon Truyện ngắn tập 8',18000,0.3,562,'5df6277a77222b57f11558feca32452b.jpg.webp (750×750) (tikicdn.com)','truyen_tranh');
INSERT INTO Product (UUID,P_name,Price,Discount,Amount,Cover,Product_type_code)
VALUES ('000178','Doraemon Truyện ngắn tập 9 ',18000,0.3,573,'1801cc484df62012dd327ce9b024f7bf.jpg.webp (750×750) (tikicdn.com)','truyen_tranh');
INSERT INTO Product (UUID,P_name,Price,Discount,Amount,Cover,Product_type_code)
VALUES ('000179','Doraemon Truyện ngắn tập 10',18000,0.3,584,'0fc7b543ed621ade24b9d8e0084d9ac9.jpg.webp (750×750) (tikicdn.com)','truyen_tranh');
INSERT INTO Product (UUID,P_name,Price,Discount,Amount,Cover,Product_type_code)
VALUES ('000180','Doraemon Truyện ngắn tập 11',18000,0.3,595,'3981688dabb62f9c71b4daccc85fa1af.jpg.webp (750×750) (tikicdn.com)','truyen_tranh');
INSERT INTO Product (UUID,P_name,Price,Discount,Amount,Cover,Product_type_code)
VALUES ('000181','Thám Tử Lừng Danh Conan - Tập 1',20000,0.3,606,'b7232b49f02582eb09ce168bc05b9432.jpg.webp (750×750) (tikicdn.com)','truyen_tranh');
INSERT INTO Product (UUID,P_name,Price,Discount,Amount,Cover,Product_type_code)
VALUES ('000182','Thám Tử Lừng Danh Conan - Tập 2',20000,0.3,617,'f5411a154e4caa39d5e5608a06030ebe.jpg.webp (750×750) (tikicdn.com)','truyen_tranh');
INSERT INTO Product (UUID,P_name,Price,Discount,Amount,Cover,Product_type_code)
VALUES ('000183','Thám Tử Lừng Danh Conan - Tập 3',20000,0.3,628,'d38bcf96f7eb032e02d2da9b92f2bafd.jpg.webp (750×750) (tikicdn.com)','truyen_tranh');
INSERT INTO Product (UUID,P_name,Price,Discount,Amount,Cover,Product_type_code)
VALUES ('000184','Thám Tử Lừng Danh Conan - Tập 4',20000,0.3,639,'aa679f58e8732c7df495a3672bae983c.jpg.webp (750×750) (tikicdn.com)','truyen_tranh');
INSERT INTO Product (UUID,P_name,Price,Discount,Amount,Cover,Product_type_code)
VALUES ('000185','Thám Tử Lừng Danh Conan - Tập 5',20000,0.3,650,'https://salt.tikicdn.com/cache/750x750/ts/Product/91/54/29/affd1287ac61d9204a6afb5a8083aac4.jpg.webp','truyen_tranh');
INSERT INTO Product (UUID,P_name,Price,Discount,Amount,Cover,Product_type_code)
VALUES ('000186','Thám Tử Lừng Danh Conan - Tập 6',20000,0.3,661,'https://salt.tikicdn.com/cache/750x750/ts/Product/00/f5/ce/2ad6d03a95028dc212745e66f8203b7d.jpg.webp','truyen_tranh');
INSERT INTO Product (UUID,P_name,Price,Discount,Amount,Cover,Product_type_code)
VALUES ('000187','Thám Tử Lừng Danh Conan - Tập 7',20000,0.3,672,'https://salt.tikicdn.com/cache/750x750/ts/Product/32/8d/63/3a569ecaf7f12f990368a3819b569405.jpg.webp','truyen_tranh');
INSERT INTO Product (UUID,P_name,Price,Discount,Amount,Cover,Product_type_code)
VALUES ('000188','Thám Tử Lừng Danh Conan - Tập 8',20000,0.3,683,'https://salt.tikicdn.com/cache/750x750/ts/Product/7f/ae/ef/fd2215e9b2ae86b470172aa218ed2ebb.jpg.webp','truyen_tranh');
INSERT INTO Product (UUID,P_name,Price,Discount,Amount,Cover,Product_type_code)
VALUES ('000189','Thám Tử Lừng Danh Conan - Tập 9',20000,0.3,694,'https://salt.tikicdn.com/cache/750x750/ts/Product/44/80/a7/1e43d859659fed7b42a8d000e0773911.jpg.webp','truyen_tranh');
INSERT INTO Product (UUID,P_name,Price,Discount,Amount,Cover,Product_type_code)
VALUES ('000190','Thám Tử Lừng Danh Conan - Tập 10',20000,0.3,705,'https://salt.tikicdn.com/cache/750x750/ts/Product/f5/80/1e/6820f2e70b9018f552678845a8615a03.jpg.webp','truyen_tranh');
INSERT INTO Product (UUID,P_name,Price,Discount,Amount,Cover,Product_type_code)
VALUES ('000191','Thám Tử Lừng Danh Conan - Tập 11',20000,0.3,716,'https://salt.tikicdn.com/cache/750x750/ts/Product/9b/52/2d/cb618671d0b94cf25600e54d97a15b60.jpg.webp','truyen_tranh');
INSERT INTO Product (UUID,P_name,Price,Discount,Amount,Cover,Product_type_code)
VALUES ('000192','Thám Tử Lừng Danh Conan - Tập 12',20000,0.3,727,'https://salt.tikicdn.com/cache/750x750/ts/Product/21/dd/dd/9b2ca3997da530dfef61d57f7b74d685.jpg.webp','truyen_tranh');
INSERT INTO Product (UUID,P_name,Price,Discount,Amount,Cover,Product_type_code)
VALUES ('000193','Thám Tử Lừng Danh Conan - Tập 13',20000,0.3,731,'https://salt.tikicdn.com/cache/750x750/ts/Product/5d/97/c2/9d4850420d465c8dd49a08def8ee348e.jpg.webp','truyen_tranh');
INSERT INTO Product (UUID,P_name,Price,Discount,Amount,Cover,Product_type_code)
VALUES ('000194','Thám Tử Lừng Danh Conan - Tập 14',20000,0.3,738,'https://salt.tikicdn.com/cache/750x750/ts/Product/b3/96/f7/0fa66cd4a5213f54b8f502b570dc8dba.jpg.webp','truyen_tranh');
INSERT INTO Product (UUID,P_name,Price,Discount,Amount,Cover,Product_type_code)
VALUES ('000195','Thám Tử Lừng Danh Conan - Tập 15',20000,0.3,749,'https://salt.tikicdn.com/cache/750x750/ts/Product/0d/78/b8/1e93c465dacb1ad47a67a92829fd2287.jpg.webp','truyen_tranh');
INSERT INTO Product (UUID,P_name,Price,Discount,Amount,Cover,Product_type_code)
VALUES ('000196','Thám Tử Lừng Danh Conan - Tập 16',20000,0.3,760,'https://salt.tikicdn.com/cache/750x750/ts/Product/23/86/5a/56b31bffdd35bb64af93c0bb42a28432.jpg.webp','truyen_tranh');
INSERT INTO Product (UUID,P_name,Price,Discount,Amount,Cover,Product_type_code)
VALUES ('000197','Thám Tử Lừng Danh Conan - Tập 17',20000,0.3,771,'https://Product.hstatic.net/200000343865/Product/17_21_451b0c045ce649e1bcfdd8e4c6cecd72_master.jpg','truyen_tranh');
INSERT INTO Product (UUID,P_name,Price,Discount,Amount,Cover,Product_type_code)
VALUES ('000198','Thám Tử Lừng Danh Conan - Tập 18',20000,0.3,782,'https://salt.tikicdn.com/cache/750x750/ts/Product/cf/7f/cb/3d8f8ef6171c3362668681483549a230.jpg.webp','truyen_tranh');
INSERT INTO Product (UUID,P_name,Price,Discount,Amount,Cover,Product_type_code)
VALUES ('000199','Thám Tử Lừng Danh Conan - Tập 19',20000,0.3,793,'https://salt.tikicdn.com/cache/750x750/ts/Product/1a/5e/7c/9c60aff3c1f96da91340e27acbb6acf1.jpg.webp','truyen_tranh');
INSERT INTO Product (UUID,P_name,Price,Discount,Amount,Cover,Product_type_code)
VALUES ('000200','Thám Tử Lừng Danh Conan - Tập 20',20000,0.3,804,'https://salt.tikicdn.com/cache/750x750/ts/Product/64/c8/32/79836a412ff774e8a8e1ef0de2edf9e6.jpg.webp','truyen_tranh');
INSERT INTO Product (UUID,P_name,Price,Discount,Amount,Cover,Product_type_code)
VALUES ('000201','Bút bi TL-27 Xanh dương',5000,0.1,20000,'https://bizweb.dktcdn.net/100/376/170/Products/f393aab7-ce63-4486-b6a8-60f449da1e79.jpg?v=1642331690667','but_bi');
INSERT INTO Product (UUID,P_name,Price,Discount,Amount,Cover,Product_type_code)
VALUES ('000202','Bút bi TL-79 Xanh dương',6000,0.1,20000,'https://bizweb.dktcdn.net/thumb/1024x1024/100/379/648/Products/viet-bi-bam-tl-079-20c-h-l-1536295305-2-2.jpg','but_bi');
INSERT INTO Product (UUID,P_name,Price,Discount,Amount,Cover,Product_type_code)
VALUES ('000203','Bút bi TL-27 Đỏ',5000,0.1,20000,'https://vanphongphamphukhiet.com/assets/van-phong-pham/027.jpg','but_bi');
INSERT INTO Product (UUID,P_name,Price,Discount,Amount,Cover,Product_type_code)
VALUES ('000204','Bút bi TL-79 Đỏ',6000,0.1,20000,'https://bizweb.dktcdn.net/thumb/1024x1024/100/379/648/Products/viet-bi-bam-tl-079-20c-h-l-1536295305-2-do.jpg?v=1589188473203','but_bi');
INSERT INTO Product (UUID,P_name,Price,Discount,Amount,Cover,Product_type_code)
VALUES ('000205','Tập học sinh 200 trang',8000,0.1,100000,'https://vn-live-01.slatic.net/p/a4d8479e6b028c9acd79a14c5c9a6bf1.jpg','so_tay');
INSERT INTO Product (UUID,P_name,Price,Discount,Amount,Cover,Product_type_code)
VALUES ('000206','Sổ tay A4 200 trang',68000,0.1,1000,'https://vanphong-pham.com/wp-content/uploads/2022/02/so-lx.jpg','so_tay');
INSERT INTO Product (UUID,P_name,Price,Discount,Amount,Cover,Product_type_code)
VALUES ('000207','Máy tính cầm tay Casio FX-570 VN PLUS',580000,0.1,500,'https://salt.tikicdn.com/ts/Product/22/b4/71/6f72811493314bff3789dd0551e40528.jpeg','mtct');
INSERT INTO Product (UUID,P_name,Price,Discount,Amount,Cover,Product_type_code)
VALUES ('000208','Máy tính cầm tay Casio FX-580 VN PLUS',680000,0.2,320,'https://ngoclanvpp.vn/User_folder_upload/vppngoclan/files/may%20tinh%20Fx-580%20VN%20X.jpg','mtct');
INSERT INTO Product (UUID,P_name,Price,Discount,Amount,Cover,Product_type_code)
VALUES ('000209','Balo Toetalk Student Backpack',500000,0.1,100,'https://lzd-img-global.slatic.net/g/p/05e9460ec04cc807f2b61e49af04d416.jpg_720x720q80.jpg_.webp','balo');
INSERT INTO Product (UUID,P_name,Price,Discount,Amount,Cover,Product_type_code)
VALUES ('000210','Balo Yame',350000,0.2,300,'https://cdn2.yame.vn/pimg/balo-a-cyberpunk-ver1-0020085/bff24ae7-0076-3000-ea36-0018cfe40a87.jpg?w=540&h=756','balo');

INSERT INTO Book (Book_UUID, IBSN, Publishing_year, Publisher)
VALUES ('000150','5612314',2022,'Nhà Xuất Bản Thanh Niên');
INSERT INTO Book (Book_UUID, IBSN, Publishing_year, Publisher)
VALUES ('000151','7123546',2021,'Nhà Xuất Bản Thanh Niên');
INSERT INTO Book (Book_UUID, IBSN, Publishing_year, Publisher)
VALUES ('000152','8413456',2021,'Nhà Xuất Bản Văn Học');
INSERT INTO Book (Book_UUID, IBSN, Publishing_year, Publisher)
VALUES ('000153', '8794502', 2020, 'Nhà Xuất Bản Hà Nội');
INSERT INTO Book (Book_UUID, IBSN, Publishing_year, Publisher)
VALUES ('000154','4564585',2020,'Nhà Xuất Bản Đồng Nai');
INSERT INTO Book (Book_UUID, IBSN, Publishing_year, Publisher)
VALUES ('000155', '9545351', 2019, 'Nhà Xuất Bản Phụ Nữ');
INSERT INTO Book (Book_UUID, IBSN, Publishing_year, Publisher)
VALUES ('000156','8546512',2018,'Nhà Xuất Bản Hội Nhà Văn');
INSERT INTO Book (Book_UUID, IBSN, Publishing_year, Publisher)
VALUES ('000157','3215443',2021,'Nhà Xuất Bản Thế Giới');
INSERT INTO Book (Book_UUID, IBSN, Publishing_year, Publisher)
VALUES ('000158','5486214',2020,'Nhà Xuất Bản Phụ Nữ Việt Nam');
INSERT INTO Book (Book_UUID, IBSN, Publishing_year, Publisher)
VALUES ('000159', '4562143', 2021, 'Nhà Xuất Bản Hà Nội');
INSERT INTO Book (Book_UUID, IBSN, Publishing_year, Publisher)
VALUES ('000160','7313015',2022,'Nhà Xuất Bản Thế Giới');
INSERT INTO Book (Book_UUID, IBSN, Publishing_year, Publisher)
VALUES ('000161','4648941',2022,'Nhà Xuất Bản Lao Động');
INSERT INTO Book (Book_UUID, IBSN, Publishing_year, Publisher)
VALUES ('000162','4562314',2022,'Nhà Xuất Bản Hồng Đức');
INSERT INTO Book (Book_UUID, IBSN, Publishing_year, Publisher)
VALUES ('000163','4310435',2018,'Nhà Xuất Bản Dân Trí');
INSERT INTO Book (Book_UUID, IBSN, Publishing_year, Publisher)
VALUES ('000164', '5784654', 2022, 'Nhà Xuất Bản Hà Nội');
INSERT INTO Book (Book_UUID, IBSN, Publishing_year, Publisher)
VALUES ('000165','8975413',2022,'Nhà Xuất Bản Đại Học Quốc Gia Hà Nội');
INSERT INTO Book (Book_UUID, IBSN, Publishing_year, Publisher)
VALUES ('000166','1567984',2022,'Nhà Xuất Bản Thông Tấn');
INSERT INTO Book (Book_UUID, IBSN, Publishing_year, Publisher)
VALUES ('000167', '0534587', 2022, 'Nhà Xuất Bản Hà Nội');
INSERT INTO Book (Book_UUID, IBSN, Publishing_year, Publisher)
VALUES ('000168','4564214',2017,'Nhà Xuất Bản Nhã Nam');
INSERT INTO Book (Book_UUID, IBSN, Publishing_year, Publisher)
VALUES ('000169','1544858',2022,'Nhà Xuất Bản Phụ Nữ Việt Nam');
INSERT INTO Book (Book_UUID, IBSN, Publishing_year, Publisher)
VALUES ('000170','4578945',2021,'Nhà Xuất Bản Kim Đồng');
INSERT INTO Book (Book_UUID, IBSN, Publishing_year, Publisher)
VALUES ('000171','9840544',2021,'Nhà Xuất Bản Kim Đồng');
INSERT INTO Book (Book_UUID, IBSN, Publishing_year, Publisher)
VALUES ('000172','9564244',2021,'Nhà Xuất Bản Kim Đồng');
INSERT INTO Book (Book_UUID, IBSN, Publishing_year, Publisher)
VALUES ('000173','0546484',2019,'Nhà Xuất Bản Kim Đồng');
INSERT INTO Book (Book_UUID, IBSN, Publishing_year, Publisher)
VALUES ('000174','6486414',2019,'Nhà Xuất Bản Kim Đồng');
INSERT INTO Book (Book_UUID, IBSN, Publishing_year, Publisher)
VALUES ('000175','9854264',2019,'Nhà Xuất Bản Kim Đồng');
INSERT INTO Book (Book_UUID, IBSN, Publishing_year, Publisher)
VALUES ('000176','4546548',2019,'Nhà Xuất Bản Kim Đồng');
INSERT INTO Book (Book_UUID, IBSN, Publishing_year, Publisher)
VALUES ('000177','4556315',2021,'Nhà Xuất Bản Kim Đồng');
INSERT INTO Book (Book_UUID, IBSN, Publishing_year, Publisher)
VALUES ('000178','4532002',2021,'Nhà Xuất Bản Kim Đồng');
INSERT INTO Book (Book_UUID, IBSN, Publishing_year, Publisher)
VALUES ('000179','4315464',2021,'Nhà Xuất Bản Kim Đồng');
INSERT INTO Book (Book_UUID, IBSN, Publishing_year, Publisher)
VALUES ('000180','4564828',2021,'Nhà Xuất Bản Kim Đồng');
INSERT INTO Book (Book_UUID, IBSN, Publishing_year, Publisher)
VALUES ('000181','5648483',2019,'Nhà Xuất Bản Kim Đồng');

INSERT INTO Book (Book_UUID, IBSN, Publishing_year, Publisher)
VALUES ('000182','8845345',2019,'Nhà Xuất Bản Kim Đồng');
INSERT INTO Book (Book_UUID, IBSN, Publishing_year, Publisher)
VALUES ('000183','4612348',2019,'Nhà Xuất Bản Kim Đồng');
INSERT INTO Book (Book_UUID, IBSN, Publishing_year, Publisher)
VALUES ('000184','1985454',2019,'Nhà Xuất Bản Kim Đồng');
INSERT INTO Book (Book_UUID, IBSN, Publishing_year, Publisher)
VALUES ('000185','9845612',2019,'Nhà Xuất Bản Kim Đồng');
INSERT INTO Book (Book_UUID, IBSN, Publishing_year, Publisher)
VALUES ('000186','9451255',2019,'Nhà Xuất Bản Kim Đồng');
INSERT INTO Book (Book_UUID, IBSN, Publishing_year, Publisher)
VALUES ('000187','1635643',2019,'Nhà Xuất Bản Kim Đồng');
INSERT INTO Book (Book_UUID, IBSN, Publishing_year, Publisher)
VALUES ('000188','4484642',2019,'Nhà Xuất Bản Kim Đồng');
INSERT INTO Book (Book_UUID, IBSN, Publishing_year, Publisher)
VALUES ('000189','4315465',2019,'Nhà Xuất Bản Kim Đồng');
INSERT INTO Book (Book_UUID, IBSN, Publishing_year, Publisher)
VALUES ('000190','9541241',2019,'Nhà Xuất Bản Kim Đồng');
INSERT INTO Book (Book_UUID, IBSN, Publishing_year, Publisher)
VALUES ('000191','1345122',2019,'Nhà Xuất Bản Kim Đồng');
INSERT INTO Book (Book_UUID, IBSN, Publishing_year, Publisher)
VALUES ('000192','0345685',2019,'Nhà Xuất Bản Kim Đồng');
INSERT INTO Book (Book_UUID, IBSN, Publishing_year, Publisher)
VALUES ('000193','4864615',2019,'Nhà Xuất Bản Kim Đồng');
INSERT INTO Book (Book_UUID, IBSN, Publishing_year, Publisher)
VALUES ('000194','8945574',2019,'Nhà Xuất Bản Kim Đồng');
INSERT INTO Book (Book_UUID, IBSN, Publishing_year, Publisher)
VALUES ('000195','3446124',2019,'Nhà Xuất Bản Kim Đồng');
INSERT INTO Book (Book_UUID, IBSN, Publishing_year, Publisher)
VALUES ('000196','4981462',2019,'Nhà Xuất Bản Kim Đồng');
INSERT INTO Book (Book_UUID, IBSN, Publishing_year, Publisher)
VALUES ('000197','3215461',2019,'Nhà Xuất Bản Kim Đồng');
INSERT INTO Book (Book_UUID, IBSN, Publishing_year, Publisher)
VALUES ('000198','9615437',2019,'Nhà Xuất Bản Kim Đồng');
INSERT INTO Book (Book_UUID, IBSN, Publishing_year, Publisher)
VALUES ('000199','1461843',2019,'Nhà Xuất Bản Kim Đồng');
INSERT INTO Book (Book_UUID, IBSN, Publishing_year, Publisher)
VALUES ('000200','4578940',2019,'Nhà Xuất Bản Kim Đồng');

INSERT INTO Stationery (Stationery_UUID, Barcode, Distributor)
VALUES ('000201', '8935001800347', 'Thiên Long');
INSERT INTO Stationery (Stationery_UUID, Barcode, Distributor)
VALUES ('000202', '8935001803768', 'Thiên Long');
INSERT INTO Stationery (Stationery_UUID, Barcode, Distributor)
VALUES ('000203', '8935001804628', 'Thiên Long');
INSERT INTO Stationery (Stationery_UUID, Barcode, Distributor)
VALUES ('000204', '8935001804918', 'Thiên Long');
INSERT INTO Stationery (Stationery_UUID, Barcode, Distributor)
VALUES ('000205', '8935001800547', 'Thiên Long');
INSERT INTO Stationery (Stationery_UUID, Barcode, Distributor)
VALUES ('000206', '8936017885410', 'Thiên Long');
INSERT INTO Stationery (Stationery_UUID, Barcode, Distributor)
VALUES ('000207', '8934405684322', 'BITEX');
INSERT INTO Stationery (Stationery_UUID, Barcode, Distributor)
VALUES ('000208', '8935435728213', 'BITEX');
INSERT INTO Stationery (Stationery_UUID, Barcode, Distributor)
VALUES ('000209', '8938600923145', 'Tote Talk');
INSERT INTO Stationery (Stationery_UUID, Barcode, Distributor)
VALUES ('000210', '8931552904677', 'YAME');

INSERT INTO Product_type (Code, P_Description) VALUES 
    ('truyen_tranh', 'Truyện tranh'),
    ('sach_tam_ly', 'Sách tâm lý'),
    ('sach_ky_nang', 'Sách kỹ năng'),
    ('tieu_thuyet', 'Tiểu thuyết'),
    ('balo', 'Balo'),
    ('so_tay', 'Sổ tay'),
    ('mtct', 'Máy tính cầm tay'),
    ('but_bi', 'Bút bi');

INSERT INTO Bill (b_id, B_time, City, District, StreetNum, B_Status, Phone, Email, Customer_name, Payment_method) VALUES
	('d303bace-754a-4072-8874-6a7ce9d131e6', '18/03/2022 12:42', 'Hồ Chí Minh', 'Quận 1', '62 Nguyễn Huệ', 'Delivering', '0355749744', 'nguyenducthuy@gmail.com', 'Trần Văn A', 'Cash'),
	('b754c482-b84f-46bf-831e-a41e0bab9421', '27/08/2022 16:01', 'Hồ Chí Minh', 'Quận 2', '70 Mai Chí Thọ', 'Completed', '0355749745', 'nguyenducthuy@gmail.com', 'Nguyễn Thị B', 'Cash'),
	('e00e99b8-da64-408e-b866-58df3d7ae32d', '07/10/2022 8:23', 'Hồ Chí Minh', 'Quận 3', '40 Điện Biên Phủ', 'Pending', '0355749746', 'nguyenducthuy@gmail.com', 'Trần Văn C', 'Cash'),
	('07d746d9-d496-4d57-b96d-da88096c6617', '23/12/2021 2:18', 'Hồ Chí Minh', 'Quận 4', '20 Nguyễn Tất Thành', 'Aborted', '0355749747', 'nguyenducthuy@gmail.com', 'Nguyễn Thị D', 'Cash'),
	('f4545501-50ac-4dc0-a601-076a2c233b86', '14/09/2022 22:27', 'Hồ Chí Minh', 'Quận 5', '10 Nguyễn Văn Cừ', 'Delivering', '0355749748', 'nguyenducthuy@gmail.com', 'Trần Văn E', 'Banking'),
	('ea1fa864-672a-40c6-a9d3-0200339b6868', '25/03/2022 12:17', 'Hồ Chí Minh', 'Quận 6', '62 Hồng Bàng', 'Completed', '0355749749', 'nguyenducthuy@gmail.com', 'Nguyễn Thị G', 'Banking'),
	('7adb9803-62ed-442d-8e2a-8db59aaed31d', '17/10/2021 18:49', 'Hồ Chí Minh', 'Quận 7', '29 Huỳnh Tấn Phát', 'Pending', '0355749750', 'nguyenducthuy@gmail.com', 'Trần Văn H', 'Banking'),
	('d1aa84c0-fee3-423a-b6e4-014bb2155295', '14/06/2022 3:06', 'Hồ Chí Minh', 'Quận 8', '20 Phạm Hùng', 'Aborted', '0355749751', 'nguyenducthuy@gmail.com', 'Nguyễn Thị P', 'Banking'),
	('e0e4a4e9-5ad0-421c-a6fb-337c7b6c11fa', '05/11/2021 21:38', 'Hồ Chí Minh', 'Quận 9', '30 Trần Khế Xương', 'Delivering', '0355749752', 'nguyenducthuy@gmail.com', 'Trần Văn T', 'Banking');

INSERT INTO Included(Bill_ID,Product_UUID, Quantity)
VALUES ('d303bace-754a-4072-8874-6a7ce9d131e6', '000198', '2'),
       ('d303bace-754a-4072-8874-6a7ce9d131e6', '000197', '1'),
       ('d303bace-754a-4072-8874-6a7ce9d131e6', '000207', '2'),
       ('d303bace-754a-4072-8874-6a7ce9d131e6', '000180', '1'),
       ('d303bace-754a-4072-8874-6a7ce9d131e6', '000190', '2'),
       ('b754c482-b84f-46bf-831e-a41e0bab9421', '000180', '4'),
       ('b754c482-b84f-46bf-831e-a41e0bab9421', '000171', '4'),
       ('b754c482-b84f-46bf-831e-a41e0bab9421', '000167', '2'),
       ('e00e99b8-da64-408e-b866-58df3d7ae32d', '000176', '2'),
       ('e00e99b8-da64-408e-b866-58df3d7ae32d', '000209', '4'),
       ('e00e99b8-da64-408e-b866-58df3d7ae32d', '000191', '3'),
       ('e00e99b8-da64-408e-b866-58df3d7ae32d', '000201', '2'),
       ('07d746d9-d496-4d57-b96d-da88096c6617', '000203', '1'),
       ('07d746d9-d496-4d57-b96d-da88096c6617', '000208', '2'),
       ('07d746d9-d496-4d57-b96d-da88096c6617', '000172', '3'),
       ('07d746d9-d496-4d57-b96d-da88096c6617', '000181', '1'),
       ('07d746d9-d496-4d57-b96d-da88096c6617', '000182', '1'),
       ('07d746d9-d496-4d57-b96d-da88096c6617', '000156', '1'),
       ('07d746d9-d496-4d57-b96d-da88096c6617', '000191', '2'),
       ('07d746d9-d496-4d57-b96d-da88096c6617', '000184', '2'),
       ('f4545501-50ac-4dc0-a601-076a2c233b86', '000188', '2'),
       ('f4545501-50ac-4dc0-a601-076a2c233b86', '000187', '2'),
       ('ea1fa864-672a-40c6-a9d3-0200339b6868', '000160', '1'),
       ('ea1fa864-672a-40c6-a9d3-0200339b6868', '000170', '1'),
       ('ea1fa864-672a-40c6-a9d3-0200339b6868', '000193', '2'),
       ('7adb9803-62ed-442d-8e2a-8db59aaed31d', '000167', '2'),
       ('7adb9803-62ed-442d-8e2a-8db59aaed31d', '000178', '2'),
       ('7adb9803-62ed-442d-8e2a-8db59aaed31d', '000183', '1'),
       ('d1aa84c0-fee3-423a-b6e4-014bb2155295', '000202', '2'),
       ('d1aa84c0-fee3-423a-b6e4-014bb2155295', '000160', '1'),
       ('d1aa84c0-fee3-423a-b6e4-014bb2155295', '000151', '3'),
       ('e0e4a4e9-5ad0-421c-a6fb-337c7b6c11fa', '000164', '3'),
       ('e0e4a4e9-5ad0-421c-a6fb-337c7b6c11fa', '000151', '3'),
       ('e0e4a4e9-5ad0-421c-a6fb-337c7b6c11fa', '000173', '1'),
       ('e0e4a4e9-5ad0-421c-a6fb-337c7b6c11fa', '000165', '1');
